cohort_id,time_id,covariate_id,count_value,min_value,max_value,mean,sd,median_value,p_10_value,p_25_value,p_75_value,p_90_value,database_id
1,0,1010,73085,0,2004,473.7728398440172,446.9122022276859,324,51,128,692,1137,Pharmetrics
1,0,1901,13064,0,15,0.2820004104809469,1.2436639417463224,0,0,0,0,1,Pharmetrics
1,0,1904,73085,-5,7,1.146528015324622,0.418568990729127,1,1,1,1,2,Pharmetrics
1,0,1008,73085,0,1999,366.55042758431966,384.8992638340582,230,30,82,529,911,Pharmetrics
1,0,1902,4607,0,12,0.09959636040227132,0.8078366171448284,0,0,0,0,0,Pharmetrics
1,0,1009,73085,0,2004,473.7728398440172,446.9122022276859,324,51,128,692,1137,Pharmetrics
1,0,1002,73085,18,45,34.987206677156735,6.741950756272253,36,25,30,41,44,Pharmetrics
1,0,1903,73085,0,5,0.14403776424710954,0.415571895103603,0,0,0,0,1,Pharmetrics
